INSERT INTO CATEGORIES (ID, NAME) VALUES
(1, 'CIENCIA FICCIÓN'),
(2, 'DRAMA'),
(3, 'ANIMACIÓN PARA ADULTOS'),
(4, 'SITCOMS'),
(5, 'POLICIACA');

INSERT INTO TV_SHOWS (ID, NAME, SHORT_DESC, LONG_DESC, YEAR, RECOMMENDED_AGE) VALUES
(1, 'STRANGER THINGS', 'Descripción corta', 'Descripción larga', 2019, 16),
(2, 'GAMBITO DE DAMA', 'Descripción corta', 'Descripción larga', 2020, 16),
(3, 'BOJACK HORSEMAN', 'Descripción corta', 'Descripción larga', 2020, 16),
(4, 'LOS INFORMÁTICOS', 'Descripción corta', 'Descripción larga', 2013, 12),
(5, 'DARK', 'Descripción corta', 'Descripción larga', 2020, 16);

INSERT INTO SEASONS (ID, NUMBER, NAME, TV_SHOW_ID) VALUES
(1, 2, 'TEMPORADA 3', 1),
(2, 1, 'TEMPORADA 1', 2),
(3, 6, 'TEMPORADA 6', 3),
(4, 2, 'TEMPORADA 5', 4),
(5, 3, 'TEMPORADA 3', 5);

INSERT INTO CHAPTERS (ID, NUMBER, NAME, DURATION, SEASON_ID) VALUES
(1, 1, 'SUZIE ¿ME RECIBES?', 50, 1),
(2, 1, 'APERTURAS', 59, 2),
(3, 1, 'UN CABALLO VA A UNA CLINICA DE DESINTOXICACIÓN', 25, 3),
(4, 1, 'EL ÚLTIMO BYTE', 48, 4),
(5, 1, 'DÉJÁ VU', 62, 5);

INSERT INTO ACTORS (ID, NAME, LAST_NAME) VALUES
(1, 'WINONA', 'RYDER'),
(2, 'ANYA', 'TAYLOR-JOY'),
(3, 'WILL', 'ARNETT'),
(4, 'KATHERINE', 'PARKINSON'),
(5, 'LOUIS', 'HOFMANN');

INSERT INTO AWARDS (ID, NAME, YEAR, TV_SHOWS_ID) VALUES
(1, 'PREMIO SATÉLITE A LA MEJOR SERIE DE TELEVISIÓN DE GÉNERO', 2020, 1),
(2, 'GLOBO DE ORO A LA MEJOR ACTRIZ DE MINISERIE', 2021, 2),
(3, 'PREMIO DE LA CRÍTICA TELEVISIVA A LA MEJOR SERIE ANIMADA', 2016, 3),
(4, 'PREMIO EMMY INTERNACIONAL A LA MEJOR COMEDIA', 2008, 4),
(5, 'MEJOR SERIE ORIGINAL DE NETFLIX', 2020, 5);

INSERT INTO CATEGORIES_SHOWS (ID, CATEGORIES_ID, TV_SHOWS_ID) VALUES
(1, 1, 1),
(2, 2, 2),
(3, 3, 3),
(4, 4, 4),
(5, 5, 5);

INSERT INTO ACTORS_SHOWS (ID, ACTORS_ID, TV_SHOWS_ID) VALUES
(1, 1, 1),
(2, 2, 2),
(3, 3, 3),
(4, 4, 4),
(5, 5, 5);


 

